ID,Title,Author,Year,Format,File
1,Laut Bercerita,Leila S. Chudori,2017,PDF,ebook/Laut Bercerita.pdf
2,Jakarta Sebelum Pagi,Ziggy Zezsyazeoviennazabrizkie,2016,PDF,ebook/Jakarta Sebelum Pagi.pdf
3,Convenience Store Woman,Sayaka Murata,2016,PDF,ebook/Convenience Store Woman.pdf
4,Your Daily Brain 24 Hours In The Life Of Your Brain,Marbles,2015,PDF,ebook/Your Daily Brain 24 Hours In The Life Of Your Brain.pdf
5,Habits Of A Happy Brain_Retrain Your Brain to Boost Your Serotonin, Dopamine, Oxytocin, & Endorphin Levels,Loretta Graziano Breuning,2015,PDF,ebook/Habits Of A Happy Brain.pdf
6,Everything Is Fcked A Book About Hope,Mark Manson,2019,PDF,ebook/Everything Is Fcked A Book About Hope.pdf
7,Keajaiban Toko Kelontong Namiya,Keigo Higashino,2012,PDF,ebook/Keajaiban Toko Kelontong Namiya.pdf
8,Cosmetic Dermatology for Skin Of Color,Murad Alam dkk,2009,PDF,ebook/Cosmetic Dermatology for Skin Of Color.pdf
9,A Princess of Mars,Edgar Rice Burroughs,1917,PDF,ebook/A Princess of Mars.pdf
10,The Old Man And The Sea,Ernest Hemingway,1952,PDF,ebook/The Old Man And The Sea.pdf
11,Resume VR,Vania Dinda Ramadhani_13040123140118,2025,PDF,ebook/Resume VR.pdf
